Season,ghl,mt_wt,rnd_wt,dredge_hrs,number_hauls,mw_cpue,rw_cpue
2018/19,15000,468.55,5776.1,59.59,113,7.862896459137439,96.93069306930693
