Season,ghl,mt_wt,rnd_wt,dredge_hrs,number_hauls,mw_cpue,rw_cpue
2009/10,25000,3480.06,62241.2,158.81,125,21.91335558214218,391.9224230212203
2011/12,25000,25109.97,348142.4,454.66,311,55.22801653983196,765.7203184797431
2012/13,25000,25014.01,261317.9,671.03,431,37.27703679418208,389.42804345558324
2013/14,25000,20340.05,230033.7,526.25,350,38.650926365795726,437.11866983372926
2014/15,25000,24973.02,310921.1,554.6,345,45.02888568337541,560.6222502704651
2015/16,25000,10950.03,149947.2,281.34,170,38.9209852847089,532.975047984645
2016/17,25000,25109.93,373803.9,448.17,272,56.02769038534485,834.0672066403374
2017/18,25000,25019.95,334784.3,377.28,194,66.31666136556404,887.3629664970314
2018/19,30000,29999.89,356737.9,453.08,279,66.21322945175245,787.3618345546041
